term,estimate,std_error,conf_low,conf_high,t_stat,df,p_value,personal_trait,network_measure
(Intercept),0.006287503898925961,0.03603705596565512,-0.07876592968854151,0.09134093748639344,0.17447329506933715,7.065824442286144,0.8663875430012993,leftright,giant component
measure_stat,-0.013298726139231077,0.009709046482346268,-0.03233094572450365,0.005733493446041496,-1.3697252519505225,8116.492250492326,0.17081057455133694,leftright,giant component
word_count,-0.4045088244963994,0.008865632260839206,-0.4218871490128894,-0.38713049997990945,-45.6266189026556,10492.979142953538,0.0,leftright,giant component
(Intercept),0.009663326604813373,0.05415380964391058,-0.11827637912918879,0.13760303233881552,0.17844223090406314,7.030820576596212,0.8634085896291975,leftright,k avg
measure_stat,-0.020119379756849437,0.009943251222953203,-0.039610171681184685,-0.0006285878325141894,-2.023420640364135,9921.996743147283,0.04305655375370357,leftright,k avg
word_count,0.36422065316679036,0.00904502409454581,0.3464906862031568,0.3819506201304239,40.26751607952234,10491.172960272028,0.0,leftright,k avg
(Intercept),0.0010283672231485225,0.015446442375546291,-0.035691299941630644,0.03774803438792769,0.06657631564253011,6.821509720854188,0.948828114894644,leftright,clustering
measure_stat,0.013596031880151859,0.010312437563918942,-0.00664334438262874,0.033835408142932455,1.3184110736070322,895.0096143037407,0.18770336033271176,leftright,clustering
word_count,0.07059300795376858,0.009766938690921809,0.05144790262788624,0.08973811327965092,7.227751723207138,10265.804823396584,5.260041413015203e-13,leftright,clustering
(Intercept),0.004751776525214033,0.017960289532598234,-0.03766160444335456,0.047165157493782625,0.2645712652120378,7.045846241517436,0.7989122396572719,leftright,density
measure_stat,0.01184278043108866,0.008784828339241189,-0.005383520055440643,0.029069080917617965,1.3480946893620929,2496.00218950838,0.1777502553427533,leftright,density
word_count,-0.5540915376559418,0.008153739227353272,-0.5700744243198329,-0.5381086509920506,-67.95551368593395,10448.674948476397,0.0,leftright,density
(Intercept),0.0001602223149219588,0.011629182735393805,-0.02738964192017266,0.027710086550016576,0.01377760746972501,6.936373427833228,0.9893953020895705,leftright,entropy
measure_stat,0.01071845909532056,0.009747415521031541,-0.008440342151454405,0.029877260342095525,1.0996206196600364,427.6813637943866,0.27211603434430925,leftright,entropy
word_count,-0.24001938288154182,0.009464618358876145,-0.25857197005947496,-0.22146679570360867,-25.359647244143332,9865.855714897569,1.674435883111504e-137,leftright,entropy
(Intercept),0.001666174663362201,0.0091140808919974,-0.01619915639418372,0.019531505720908122,0.18281324064450452,10493.000000025202,0.854948091016116,leftright,dissortativity
measure_stat,0.001546404728517559,0.009114193182519475,-0.01631914643979711,0.01941195589683223,0.16966995295683207,10492.999999953667,0.8652729762785538,leftright,dissortativity
word_count,-0.3513320544834311,0.009102943193704019,-0.3691755535351403,-0.33348855543172184,-38.595435235323365,10492.999999928019,7.489727967207571e-305,leftright,dissortativity
(Intercept),0.002662880603719552,0.017136020778519407,-0.0374072826738801,0.0427330438813192,0.1553966721992754,7.409990554373598,0.8806576012065157,leftright,k std
measure_stat,-0.0081274434275519,0.009337403123656652,-0.0264402779190631,0.010185391063959303,-0.8704179652435403,1868.7798394371537,0.3841838235663547,leftright,k std
word_count,0.4542050955159341,0.008715721845809115,0.437120609537137,0.47128958149473116,52.113307830530985,10417.01498894966,0.0,leftright,k std
(Intercept),-0.0024588174154411037,0.03714389772426406,-0.09014230760850288,0.08522467277762068,-0.06619707586139766,7.0587087675102875,0.949056860719663,politicalinterest,giant component
measure_stat,-0.02068014896491,0.009598083908529745,-0.039494515206973835,-0.0018657827228461647,-2.1546122290649814,9228.999474952556,0.031217985542297568,politicalinterest,giant component
word_count,-0.4090109011076902,0.009587475618859878,-0.42780447277738,-0.39021732943800036,-42.66095866810964,9228.922802004017,0.0,politicalinterest,giant component
(Intercept),0.013607950037372005,0.05604431689809802,-0.11880662159297811,0.14602252166772212,0.2428069568965309,7.028584668153448,0.8150884197841455,politicalinterest,k avg
measure_stat,0.013986029877994032,0.009744461987079229,-0.005115270317679121,0.03308733007366718,1.4352798437244616,9226.933892263847,0.15124126482276248,politicalinterest,k avg
word_count,0.36813964841434116,0.009733892204272837,0.34905906742077264,0.3872202294079097,37.820395037119965,9227.26788169063,3.940427838894183e-291,politicalinterest,k avg
(Intercept),0.004527090587595884,0.018015290674975707,-0.038185189919305466,0.04723937109449724,0.25129156499729854,6.909879932431156,0.8088977901754525,politicalinterest,clustering
measure_stat,0.013201113545852442,0.010508076759236432,-0.007397076706441309,0.03379930379814619,1.2562825575335537,9104.792687391842,0.20904577633134955,politicalinterest,clustering
word_count,0.07097782148261497,0.010495172886903097,0.05040492006840748,0.09155072289682246,6.762901597475163,9086.025994787362,1.4359752788393752e-11,politicalinterest,clustering
(Intercept),-0.0063012637929344105,0.018338138195344838,-0.04963842632718868,0.03703589874131985,-0.34361524195155185,7.020490992306909,0.741196733667238,politicalinterest,density
measure_stat,-0.02160520340783285,0.008769931066247344,-0.03879621754067293,-0.004414189274992774,-2.463554530204275,9186.078283130699,0.0137748893392027,politicalinterest,density
word_count,-0.5580378639112008,0.008759542434034137,-0.5752085163257464,-0.5408672114966552,-63.70628010693944,9176.710310108565,0.0,politicalinterest,density
(Intercept),-0.008826582136910226,0.012633557731353202,-0.03859994902389778,0.020946784750077333,-0.6986616378856564,7.118179754939515,0.5069414478896497,politicalinterest,entropy
measure_stat,-0.018008560872519057,0.01015867385464866,-0.03792196649989235,0.001904844754854234,-1.772727536112231,8698.908062031724,0.0763088548623456,politicalinterest,entropy
word_count,-0.23865263674675308,0.01014546422438838,-0.2585401558777364,-0.21876511761576975,-23.52308691533928,8675.378746005252,1.1591653019513113e-118,politicalinterest,entropy
(Intercept),-0.005131631522691771,0.00972280355344665,-0.024190475839551022,0.013927212794167481,-0.5277933977049913,9228.999999843341,0.5976554287362503,politicalinterest,dissortativity
measure_stat,-0.013699488746540693,0.009768093351668896,-0.03284711107981411,0.005448133586732729,-1.402473159636636,9228.999999868485,0.16080763588533595,politicalinterest,dissortativity
word_count,-0.35323941164374323,0.00975540957843559,-0.3723621709775664,-0.33411665230992005,-36.209593129188725,9228.999999910318,1.426053889672257e-268,politicalinterest,dissortativity
(Intercept),0.008933775425248048,0.01632160219739772,-0.029053467794000455,0.046921018644496555,0.5473589735370727,7.597886988238195,0.5998355941274347,politicalinterest,k std
measure_stat,0.010365481411730897,0.00940542921390192,-0.008071267260519379,0.028802230083981174,1.1020742568994033,9122.541224888935,0.270458464490741,politicalinterest,k std
word_count,0.45437907354334856,0.009393906326889814,0.43596490787928244,0.4727932392074147,48.36955551096993,9106.023823452882,0.0,politicalinterest,k std
(Intercept),0.004348042791359858,0.036439730818569466,-0.0816637221318767,0.09035980771459642,0.11932148492008403,7.062568653776495,0.9083439123009535,politicalparticipation,giant component
measure_stat,0.004065575991063695,0.00887355799471932,-0.013328277985926684,0.021459429968054073,0.45816751222938207,10526.99809319524,0.6468415557146412,politicalparticipation,giant component
word_count,-0.40529962828833477,0.008878314214663983,-0.42270280535766097,-0.38789645121900856,-45.650516358039724,10526.994932282409,0.0,politicalparticipation,giant component
(Intercept),0.008251494164135353,0.054528801584804096,-0.12058142680865451,0.1370844151369252,0.15132359274946638,7.028849317769733,0.8839720501287992,politicalparticipation,k avg
measure_stat,0.02766423478242704,0.009042676307507113,0.009938876493986396,0.04538959307086768,3.0592972524583844,10524.963861261938,0.002224148086344067,politicalparticipation,k avg
word_count,0.36384089295458366,0.009047589847150823,0.3461059032237799,0.38157588268538745,40.21412321969489,10525.097950699886,0.0,politicalparticipation,k avg
(Intercept),0.0008578536424212033,0.014902143510600508,-0.034434911535964736,0.03615061882080715,0.0575657885599462,6.9467846153691495,0.9557153093520114,politicalparticipation,clustering
measure_stat,-0.0037041729290235156,0.009747744840840901,-0.022811642724886005,0.015403296866838972,-0.38000306629938113,10320.033392764584,0.7039509589353794,politicalparticipation,clustering
word_count,0.07046321441982466,0.009751590428835177,0.051348195256619614,0.0895782335830297,7.225817668825274,10268.422541941722,5.334977045688948e-13,politicalparticipation,clustering
(Intercept),0.00420680302436345,0.017441089869997036,-0.03693821930445662,0.04535182535318352,0.24120069650006137,7.081997026119727,0.8162341983682058,politicalparticipation,density
measure_stat,-0.01809532383017625,0.008144546346047016,-0.03406018433120435,-0.002130463329148149,-2.221771853377552,10484.723715520126,0.02631999381925696,politicalparticipation,density
word_count,-0.5541336030337709,0.008148515172383016,-0.5701062446957962,-0.5381609613717456,-68.00424265169721,10476.166956704918,0.0,politicalparticipation,density
(Intercept),-0.001333753241100916,0.012213236177073934,-0.03020106329211581,0.027533556809913977,-0.10920555549433898,7.014868679553443,0.91609777341808,politicalparticipation,entropy
measure_stat,-0.026064405452419722,0.009474642993321805,-0.04463658403373589,-0.007492226871103555,-2.750964386815545,10127.76628224001,0.0059525680500658994,politicalparticipation,entropy
word_count,-0.23942327829699506,0.009477439596817815,-0.2580009651862054,-0.2208455914077847,-25.262443073484196,10008.720801596379,1.4781820635295515e-136,politicalparticipation,entropy
(Intercept),-7.092431328658344e-16,0.0091237559501476,-0.01788428934703606,0.017884289347034645,-7.77358728950176e-14,10526.999999915779,0.999999999999938,politicalparticipation,dissortativity
measure_stat,-0.0062455255536650435,0.009126177203567948,-0.024134561015895548,0.011643509908565462,-0.6843528691535058,10527.000000004238,0.49376743486300634,politicalparticipation,dissortativity
word_count,-0.3515133162956535,0.009126177203567945,-0.36940235175788405,-0.333624280833423,-38.51703823570584,10527.000000004227,9.191103685008145e-304,politicalparticipation,dissortativity
(Intercept),0.0013637059886672722,0.016625385000617537,-0.03747252665978025,0.040199938637114796,0.08202552834816267,7.450269833295827,0.9367869267082976,politicalparticipation,k std
measure_stat,0.01580589436538851,0.008713574062591085,-0.0012743743182374173,0.032886163049014434,1.813939291942902,10455.090373242037,0.06971572623016259,politicalparticipation,k std
word_count,0.4540020015893646,0.008717628739627914,0.4369137820840717,0.4710902210946575,52.078611644196066,10439.890371769781,0.0,politicalparticipation,k std
(Intercept),0.0005313639351764973,0.03568699989058377,-0.08369810631070242,0.08476083418105541,0.01488956585887459,7.064892989932836,0.9885320476415322,TIPI_extraversion,giant component
measure_stat,-0.014273835327804902,0.009558808263350892,-0.03301124480862623,0.004463574153016426,-1.493265157596239,9109.69936960739,0.13540242444179773,TIPI_extraversion,giant component
word_count,-0.40634401649133656,0.009573650852942447,-0.42511051905536934,-0.3875775139273038,-42.44399787845275,9115.999759664564,0.0,TIPI_extraversion,giant component
(Intercept),0.015426078315228253,0.056375179492409076,-0.11776610132915864,0.14861825795961514,0.2736324470116388,7.02966056437588,0.7922325699091947,TIPI_extraversion,k avg
measure_stat,0.009422683973017008,0.009707053948613098,-0.009605320433521823,0.02845068837955584,0.9707048114596376,9109.296577297677,0.33172106844805715,TIPI_extraversion,k avg
word_count,0.37079424083501994,0.009724205131875463,0.35173261745315587,0.389855864216884,38.131059125807084,9113.58991790822,2.6086613777505287e-295,TIPI_extraversion,k avg
(Intercept),0.005024879696574448,0.018170459987955235,-0.037975225834840906,0.0480249852279898,0.27654113874416614,6.972963210353744,0.7901499099128252,TIPI_extraversion,clustering
measure_stat,0.03201203759571501,0.01053774921135167,0.011355684768267083,0.052668390423162945,3.037843941211887,9111.741913337779,0.002389519163173255,TIPI_extraversion,clustering
word_count,0.07075091545739326,0.010540125241561596,0.05008987953712825,0.09141195137765827,6.7125308130504715,9027.740677386344,2.028011887627767e-11,TIPI_extraversion,clustering
(Intercept),-0.004840379660212008,0.01895886882177403,-0.04961867040737114,0.03993791108694712,-0.2553095179736088,7.040566569404332,0.8057818912575405,TIPI_extraversion,density
measure_stat,-0.006391234538886506,0.008748998704921431,-0.023541235251569155,0.010758766173796142,-0.7305103994690672,9110.85053673616,0.46509704239798344,TIPI_extraversion,density
word_count,-0.5578670842532759,0.008756350703889523,-0.5750315016496078,-0.540702666856944,-63.70999781969382,9090.458246596218,0.0,TIPI_extraversion,density
(Intercept),-0.00835025787715232,0.012375756680870318,-0.037575299246052817,0.020874783491748178,-0.6747270564926049,7.046345198231965,0.5213648892543763,TIPI_extraversion,entropy
measure_stat,-0.0086782041297787,0.010163868053961526,-0.028601665381681907,0.011245257122124507,-0.8538288851945727,9113.872218512077,0.3932222478223871,TIPI_extraversion,entropy
word_count,-0.23915236547732283,0.010149418019507363,-0.25904762554640215,-0.21925710540824353,-23.563160470646466,8704.97720319117,4.6366193187848475e-119,TIPI_extraversion,entropy
(Intercept),-0.004466328699486669,0.010185292643876537,-0.029419839171334866,0.02048718177236153,-0.43850764584283736,5.969403989759057,0.676442834124406,TIPI_extraversion,dissortativity
measure_stat,-0.00777249497114103,0.009799498488768496,-0.026981709890275304,0.011436719947993244,-0.7931523210141135,9114.775816954092,0.42770972776938954,TIPI_extraversion,dissortativity
word_count,-0.35291211231342223,0.009773942223657643,-0.37207150175291837,-0.3337527228739261,-36.10744817574275,8238.831455609425,3.6018378044794486e-265,TIPI_extraversion,dissortativity
(Intercept),0.00809779503658527,0.016711833879274707,-0.030815396289748526,0.04701098636291906,0.4845545435099019,7.579191985696139,0.6416837611479018,TIPI_extraversion,k std
measure_stat,0.011803167014787851,0.009372313755995823,-0.006568670777517088,0.03017500480709279,1.2593653309180906,9111.93550696401,0.20793066409061958,TIPI_extraversion,k std
word_count,0.45504376376228034,0.009375440817472262,0.4366657787710785,0.4734217487534822,48.53571929271331,9047.247793420347,0.0,TIPI_extraversion,k std
(Intercept),0.0009279965121630325,0.0353615638357761,-0.0825353301861479,0.08439132321047398,0.026243084623541375,7.064066001266024,0.9797894393934479,TIPI_agreeableness,giant component
measure_stat,-0.002209017204325964,0.009541474882139045,-0.020912453300170688,0.016494418891518762,-0.23151737353111784,9095.308791057267,0.81691809797858,TIPI_agreeableness,giant component
word_count,-0.40761931713507754,0.009554126889970668,-0.42634755245244105,-0.38889108181771403,-42.66421430544021,9100.999348371373,0.0,TIPI_agreeableness,giant component
(Intercept),0.014343307529492503,0.05619706467801763,-0.11842763269497553,0.14711424775396054,0.2552323259528378,7.029772052716753,0.8058501055945366,TIPI_agreeableness,k avg
measure_stat,-0.00557892553320014,0.009699071258705802,-0.024591286169712272,0.013433435103311995,-0.5752020357817812,9094.560246938829,0.5651688958895824,TIPI_agreeableness,k avg
word_count,0.3706580852921809,0.009713912838716837,0.3516166329310876,0.38969953765327425,38.157444013173084,9098.543496813929,1.184468938471107e-295,TIPI_agreeableness,k avg
(Intercept),0.004410271595961375,0.018207105644617357,-0.03868532928187852,0.047505872473801274,0.24222804448136995,6.965998005261062,0.815580170156852,TIPI_agreeableness,clustering
measure_stat,-0.004768850579394141,0.010522041457566937,-0.02539441664934735,0.015856715490559066,-0.4532248422158247,9098.578649998455,0.650397653820769,TIPI_agreeableness,clustering
word_count,0.07256342432244427,0.010523095098182875,0.05193576840157995,0.09319108024330858,6.895635138275478,9018.142088773579,5.722976586657173e-12,TIPI_agreeableness,clustering
(Intercept),-0.003706497384595736,0.019161674244096247,-0.04897099652766954,0.041558001758478076,-0.19343285651240605,7.03500236384843,0.8520863765555209,TIPI_agreeableness,density
measure_stat,-0.011181445341759801,0.008744617757162437,-0.028322861825990774,0.005959971142471173,-1.278665992301543,9097.220812366308,0.2010473185074615,TIPI_agreeableness,density
word_count,-0.5578724960153155,0.00875062654234028,-0.5750256957983,-0.5407192962323311,-63.752291714887576,9078.411176710491,0.0,TIPI_agreeableness,density
(Intercept),-0.007617993143924878,0.012399645108705837,-0.03690397900348465,0.02166799271563489,-0.6143718692865053,7.040928635095026,0.5582917357272275,TIPI_agreeableness,entropy
measure_stat,0.0024654418378334706,0.010156413458067181,-0.017443410571384065,0.022374294247051008,0.2427472894848707,9100.665449874803,0.8082066416401543,TIPI_agreeableness,entropy
word_count,-0.24003833698123503,0.010141756317525293,-0.2599185767710068,-0.2201580971914632,-23.668320305275014,8709.800992402255,4.454399726655531e-120,TIPI_agreeableness,entropy
(Intercept),-0.00348283003052878,0.010517522377056294,-0.029252277613287473,0.022286617552229913,-0.3311454832866802,5.967515017411201,0.7518535028743137,TIPI_agreeableness,dissortativity
measure_stat,-0.013735576869591901,0.009792244086941265,-0.03293057539469604,0.005459421655512241,-1.4026996005858743,9100.993249166891,0.16074054739589352,TIPI_agreeableness,dissortativity
word_count,-0.3530606899559645,0.00976953021791222,-0.3722113932484564,-0.3339099866634726,-36.13896288571128,8350.126162761988,7.634130141379023e-266,TIPI_agreeableness,dissortativity
(Intercept),0.007441092208351102,0.01657928020414929,-0.031157896976955417,0.046040081393657624,0.4488187735972291,7.585088023160729,0.666106389521411,TIPI_agreeableness,k std
measure_stat,-0.0068035332969064435,0.009355320588712572,-0.025142064229651744,0.011534997635838855,-0.7272367881347729,9098.636371950277,0.4670996247328889,TIPI_agreeableness,k std
word_count,0.4557947085264748,0.009356934515911146,0.437452996320627,0.4741364207323226,48.71196947583758,9033.43565727546,0.0,TIPI_agreeableness,k std
(Intercept),0.0010600162746554564,0.03558623573853623,-0.08292988011982114,0.08504991266913206,0.029787254893823112,7.065625876758652,0.9770606600149604,TIPI_conscientiousness,giant component
measure_stat,-0.009649495268163489,0.00953964396602398,-0.028349336289822922,0.009050345753495944,-1.0115152412952466,9117.534418119742,0.3117967322323027,TIPI_conscientiousness,giant component
word_count,-0.4071930049895264,0.00954981153747719,-0.42591277551417445,-0.3884732344648783,-42.63885244138505,9121.999979849554,0.0,TIPI_conscientiousness,giant component
(Intercept),0.0155267715823004,0.0563321401275379,-0.11756352172786011,0.1486170648924609,0.275629002327042,7.029713293868524,0.7907594557077491,TIPI_conscientiousness,k avg
measure_stat,0.004068357614019773,0.009692957087922591,-0.01493201189267571,0.023068727120715258,0.41972306047748215,9116.11658854401,0.6746976678192058,TIPI_conscientiousness,k avg
word_count,0.37133766722049605,0.00970504505619076,0.35231360354866664,0.39036173089232545,38.26233315461252,9119.59434023887,3.343513902424147e-297,TIPI_conscientiousness,k avg
(Intercept),0.004904573238427199,0.01832188968551107,-0.03845608647089361,0.048265232947748,0.2676892680074223,6.971227575015085,0.796685609948681,TIPI_conscientiousness,clustering
measure_stat,-0.006464588065162077,0.010522389372907738,-0.027090829097769758,0.014161652967445603,-0.6143650302284589,9121.945486489483,0.538989461016449,TIPI_conscientiousness,clustering
word_count,0.07292615016648306,0.010522152324705665,0.052300348211371465,0.09355195212159464,6.930725569829936,9037.452107534853,4.473557709901402e-12,TIPI_conscientiousness,clustering
(Intercept),-0.004659491157660149,0.019073228043083253,-0.04971816352096832,0.04039918120564802,-0.2442948381435556,7.032598392300574,0.813976737233584,TIPI_conscientiousness,density
measure_stat,-0.00868991727264258,0.008734517278700345,-0.025811528667990847,0.008431694122705686,-0.9948938213029215,9120.76303863402,0.3198143013990008,TIPI_conscientiousness,density
word_count,-0.5582329877898935,0.008738712263541438,-0.5753628281318122,-0.5411031474479748,-63.88046327133156,9097.409732562324,0.0,TIPI_conscientiousness,density
(Intercept),-0.007942097530370566,0.012291762596990162,-0.03697975030905157,0.021095555248310437,-0.646131705498064,7.0331482130923595,0.5386976115638992,TIPI_conscientiousness,entropy
measure_stat,0.0009597809473703142,0.010141741072593273,-0.018920305673695757,0.020839867568436386,0.09463670394465074,9116.579159819818,0.9246054749613855,TIPI_conscientiousness,entropy
word_count,-0.23984299529217692,0.010127022409036093,-0.25969435582524614,-0.21999163475910774,-23.68346643315126,8701.327208106004,3.204314611916931e-120,TIPI_conscientiousness,entropy
(Intercept),-0.004095715963175463,0.010340476571730189,-0.029441778610119478,0.021250346683768552,-0.39608580269624455,5.957491183422334,0.7058378836815371,TIPI_conscientiousness,dissortativity
measure_stat,-0.013917440327306428,0.009774999610749936,-0.03307863483309015,0.005243754178477288,-1.4237791183133035,9104.463773259764,0.15454469129200754,TIPI_conscientiousness,dissortativity
word_count,-0.35333318523502877,0.009752628959171962,-0.37245077604804366,-0.3342155944220139,-36.22953223322752,8295.705901389325,5.921285723260485e-267,TIPI_conscientiousness,dissortativity
(Intercept),0.00821075321985151,0.01664803993322225,-0.030546037719410144,0.04696754415911317,0.4931963914542526,7.587502779708692,0.6358287033213832,TIPI_conscientiousness,k std
measure_stat,0.003794724044417724,0.009355718729448462,-0.014544581112166137,0.022134029201001583,0.40560475941557406,9121.89587956574,0.6850425441503442,TIPI_conscientiousness,k std
word_count,0.45574418485584434,0.00935605355997069,0.4374042046312421,0.4740841650804466,48.7111560375967,9052.2498227362,0.0,TIPI_conscientiousness,k std
(Intercept),0.0008885195881782294,0.03565838751189568,-0.08326992605569407,0.08504696523205053,0.024917548161195405,7.0663551274320415,0.9808098079325596,TIPI_emotionalstability,giant component
measure_stat,0.024383480937194887,0.009536836809773897,0.005689142473776998,0.043077819400612775,2.5567681846254615,9117.176673308959,0.010581012151673366,TIPI_emotionalstability,giant component
word_count,-0.4075380636113168,0.009547232182218994,-0.4262527780220258,-0.38882334920060774,-42.686514356519574,9121.998708587582,0.0,TIPI_emotionalstability,giant component
(Intercept),0.01560509274380364,0.056373331064575316,-0.11758261928852246,0.14879280477612974,0.27681693540387203,7.029686861098738,0.7898834631415754,TIPI_emotionalstability,k avg
measure_stat,0.016209735293845996,0.009689479508058004,-0.0027838174213078715,0.03520328800899986,1.6729211595282893,9115.954559328973,0.09437713070968332,TIPI_emotionalstability,k avg
word_count,0.37162136166115234,0.009701836692069173,0.3526035870931483,0.39063913622915636,38.304227689684424,9119.561827787562,8.390047421535925e-298,TIPI_emotionalstability,k avg
(Intercept),0.005155537791361376,0.018359252517347397,-0.038290764817829184,0.04860184040055193,0.2808141446112788,6.973418389133623,0.7870017959905218,TIPI_emotionalstability,clustering
measure_stat,0.0028343839518874406,0.010521648001608479,-0.017790403942525842,0.02345917184630072,0.26938593188577864,9121.559964151624,0.7876388041061798,TIPI_emotionalstability,clustering
word_count,0.07291852823666128,0.01052134289740332,0.05229431368329898,0.09354274279002359,6.930534338412036,9039.876557119,4.479498288381516e-12,TIPI_emotionalstability,clustering
(Intercept),-0.004662167756422548,0.01898996496983816,-0.0495155065336742,0.040191171020829114,-0.24550691714426479,7.03931718403841,0.8130680765487908,TIPI_emotionalstability,density
measure_stat,0.010440884567808902,0.008731946184981654,-0.006675687056687141,0.027557456192304944,1.1957110530257853,9120.164638698936,0.23184042413826916,TIPI_emotionalstability,density
word_count,-0.5584681658008556,0.008736115181164805,-0.575592915285144,-0.5413434163165671,-63.92637393391073,9097.379368252086,0.0,TIPI_emotionalstability,density
(Intercept),-0.008050829666173525,0.012513659301235519,-0.037617141880997136,0.021515482548650086,-0.6433633417987205,7.027892356000459,0.5404052125093776,TIPI_emotionalstability,entropy
measure_stat,0.015216887664635288,0.01013915425491945,-0.004658127071714266,0.035091902400984844,1.5008044341816928,9120.525984125716,0.13344076733059707,TIPI_emotionalstability,entropy
word_count,-0.23986858028411778,0.01012476458652492,-0.259715503871454,-0.2200216566967816,-23.691274817723624,8736.383109039265,2.6036110866682192e-120,TIPI_emotionalstability,entropy
(Intercept),-0.004093434221840432,0.010455212243985122,-0.029696658653266653,0.02150979020958579,-0.3915209109404147,5.980492447173769,0.7089816404666535,TIPI_emotionalstability,dissortativity
measure_stat,0.018393181672806676,0.009773052680340403,-0.0007641933836701024,0.03755055672928345,1.8820303414312536,9115.301535626944,0.059863727366462866,TIPI_emotionalstability,dissortativity
word_count,-0.35364791117992733,0.009750425169804552,-0.3727611666545966,-0.3345346557052581,-36.269999002209275,8341.645964550811,1.3165525758371487e-267,TIPI_emotionalstability,dissortativity
(Intercept),0.008117778746024986,0.016818756216772587,-0.031044061160356788,0.047279618652406756,0.4826622516788424,7.579524593184577,0.6429655860346124,TIPI_emotionalstability,k std
measure_stat,0.021263049307841966,0.009350712122876418,0.0029335581013729024,0.039592540514311034,2.2739497300769362,9121.443424207047,0.022992138918770694,TIPI_emotionalstability,k std
word_count,0.4558783934689648,0.00935122015279119,0.43754788912503,0.4742088978128996,48.750685581163694,9057.089514909636,0.0,TIPI_emotionalstability,k std
(Intercept),0.0006467558638084703,0.035754253386812124,-0.08374834637809556,0.08504185810571249,0.018088920968687458,7.062015088807315,0.9860683811199238,TIPI_openness,giant component
measure_stat,-0.016188285373868423,0.009613422026546586,-0.035032748916682385,0.0026561781689455437,-1.6839253836111587,9113.96079561033,0.09223033390102954,TIPI_openness,giant component
word_count,-0.4058876008147583,0.009592432818692863,-0.42469092079289655,-0.38708428083662,-42.31331180384202,9113.99447103165,0.0,TIPI_openness,giant component
(Intercept),0.015826566339339255,0.056140715017895214,-0.11680870631714997,0.1484618389958285,0.2819088843862148,7.030438423462336,0.7861313456092816,TIPI_openness,k avg
measure_stat,0.029963631542943646,0.009763742162588804,0.010824506104674086,0.049102756981213205,3.068867555490522,9111.413279700593,0.0021550325464047017,TIPI_openness,k avg
word_count,0.36840695977064725,0.009742643253607831,0.3493091930212619,0.3875047265200326,37.813861205912595,9111.747558636593,8.709850222601444e-291,TIPI_openness,k avg
(Intercept),0.005063744169414799,0.018272562525360532,-0.03818550284579568,0.04831299118462527,0.2771228262257588,6.967015856557418,0.7897278646324745,TIPI_openness,clustering
measure_stat,0.0025923921677840334,0.010595767923792616,-0.01817770923075988,0.023362493566327944,0.24466298114767698,9049.831573569998,0.8067229406619526,TIPI_openness,clustering
word_count,0.07256528648840392,0.010570832925033595,0.05184405415449199,0.09328651882231585,6.864670646393108,9019.98286536975,7.104358453322012e-12,TIPI_openness,clustering
(Intercept),-0.0049460354908123704,0.019008575538147405,-0.04984836394644609,0.039956292964821345,-0.26020021757476813,7.035402383876721,0.802160272355763,TIPI_openness,density
measure_stat,-0.02087186278425747,0.008794717982826869,-0.038111487486566537,-0.0036322380819484024,-2.3732270693629074,9095.183406861046,0.01765407983224544,TIPI_openness,density
word_count,-0.5562899696869575,0.00877476738188282,-0.5734904890452727,-0.5390894503286424,-63.396548931373864,9085.976897192113,0.0,TIPI_openness,density
(Intercept),-0.008396463172057554,0.012393620074442079,-0.037718784113904086,0.020925857769788975,-0.6774826984871517,6.9811294977940985,0.5199124788788233,TIPI_openness,entropy
measure_stat,-0.03551957300027334,0.010190241299089109,-0.05549481635509952,-0.01554432964544716,-3.485645919243187,8832.155344990637,0.000493334896892806,TIPI_openness,entropy
word_count,-0.23636938672905083,0.010163341479256035,-0.2562919493107207,-0.21644682414738098,-23.257054504317733,8676.04719502257,4.0794457080376426e-116,TIPI_openness,entropy
(Intercept),-0.004364451679213642,0.010394852974061798,-0.030126047219591452,0.021397143861164168,-0.41986660995631464,5.701503805320514,0.6899425376781296,TIPI_openness,dissortativity
measure_stat,-0.03337397672428696,0.009817161502138246,-0.05261798060173517,-0.014129972846838753,-3.3995546184116336,8560.469931408068,0.0006780382965118212,TIPI_openness,dissortativity
word_count,-0.3502728603606227,0.00978911782032334,-0.36946200416560077,-0.33108371655564467,-35.78186173563217,8220.25279209483,9.857683490893636e-261,TIPI_openness,dissortativity
(Intercept),0.008460055062190972,0.01683183882658848,-0.030726597776992434,0.047646707901374374,0.5026221525379041,7.585433203924143,0.6294933355917229,TIPI_openness,k std
measure_stat,0.010783615817421825,0.009419389963157316,-0.007680514743419808,0.029247746378263457,1.1448316567846215,9064.486790659188,0.2523091260766816,TIPI_openness,k std
word_count,0.4547245028636606,0.009397381604976551,0.43630350740074286,0.4731454983265784,48.388425837985885,9041.508340485976,0.0,TIPI_openness,k std
(Intercept),0.007027679540044153,0.03654959655371576,-0.07924997218835585,0.09330533126844416,0.1922778964116827,7.059892858630393,0.8529384978476038,age,giant component
measure_stat,-0.019702392870067833,0.008925026726191592,-0.037197187202685306,-0.0022075985374503566,-2.2075444112955687,10262.26611448292,0.027298090195149345,age,giant component
word_count,-0.4100591975412912,0.00902966843404398,-0.4277591096922769,-0.39235928539030557,-45.41243131312234,10263.999305294961,0.0,age,giant component
(Intercept),0.011260237534444969,0.05473690266122043,-0.11806150947433042,0.14058198454322035,0.20571565044769208,7.029615982959626,0.8428437242985808,age,k avg
measure_stat,-0.030613320288674823,0.009152377732502737,-0.048553767451655204,-0.012672873125694442,-3.344848866973451,10259.916746082894,0.0008262258811813376,age,k avg
word_count,0.36940890937697396,0.009260508448318027,0.35125650533701985,0.38756131341692807,39.89078045105279,10262.007055413143,2e-323,age,k avg
(Intercept),0.0027992915314560014,0.015073088510573807,-0.03290522143625235,0.03850380449916435,0.18571452887656645,6.940227476663902,0.8579797570408982,age,clustering
measure_stat,-0.007194668196606818,0.009919830619631531,-0.026639482728394018,0.01225014633518038,-0.7252813553457692,10215.916025608816,0.46829605413055164,age,clustering
word_count,0.07268588826865949,0.010025945647435199,0.05303302185853996,0.09233875467877901,7.249778806376606,10019.70700419026,4.482951595567553e-13,age,clustering
(Intercept),0.0034470341470860927,0.01863374778921004,-0.04048854132875993,0.04738260962293212,0.18498877338471406,7.100602475808318,0.8584109579692736,age,density
measure_stat,0.01685741799381425,0.0082295418665703,0.0007259095372095827,0.03298892645041891,2.048402969099865,10261.23793687831,0.04054591989960206,age,density
word_count,-0.5615386950458585,0.00832290312093177,-0.5778532155348961,-0.5452241745568209,-67.46908943750782,10230.673144280076,0.0,age,density
(Intercept),0.00013659856808833783,0.012831782756271398,-0.030214606397838455,0.03048780353401513,0.010645330480020535,6.989933734713708,0.9918038719170581,age,entropy
measure_stat,0.012465606014331464,0.009582856024416903,-0.006318681950633388,0.031249893979296315,1.3008236774683224,10171.303353754502,0.19334828434668275,age,entropy
word_count,-0.2410531221359337,0.00968222601152871,-0.2600322685960501,-0.22207397567581724,-24.896456852887926,9849.826604129574,9.737414993835484e-133,age,entropy
(Intercept),-0.0003837304589670954,0.00922959547411086,-0.018475538621454703,0.017708077703520512,-0.041576086410662794,10263.999999771924,0.9668374457133386,age,dissortativity
measure_stat,0.020070702043228122,0.009236039635865402,0.0019662620662088508,0.038175142020247396,2.1730853086954656,10263.999999744163,0.029796691060983427,age,dissortativity
word_count,-0.3568127125987746,0.009321656246516579,-0.37508497783961703,-0.3385404473579322,-38.27782350718118,10263.999999740347,8.726760802170245e-300,age,dissortativity
(Intercept),0.004118248917619726,0.016885282959349823,-0.0353511180999172,0.04358761593515666,0.24389575984803644,7.424332930950267,0.8139149605899927,age,k std
measure_stat,-0.025230169552631593,0.00881120998175802,-0.04250186264350253,-0.00795847646176066,-2.863417124874562,10253.249373779481,0.004199484851332514,age,k std
word_count,0.45969306379212094,0.008909293026596274,0.4422290952759027,0.47715703230833917,51.59703047366746,10186.58027045898,0.0,age,k std
(Intercept),0.0054138623426436055,0.03659024591494109,-0.08095656922205761,0.09178429390734481,0.14795916800419576,7.061186135900069,0.8865115304185401,female,giant component
measure_stat,-0.01582095213737696,0.008871596798708456,-0.03321098077958784,0.0015690765048339168,-1.7833263274183295,10428.016272718354,0.0745622739307138,female,giant component
word_count,-0.4065429175648292,0.0089093577411627,-0.42400696450065756,-0.3890788706290008,-45.63100162501433,10429.996224762759,0.0,female,giant component
(Intercept),0.008372239414136074,0.05511354039732512,-0.12184598492277389,0.13859046375104603,0.151908938416564,7.027842097914319,0.8835277454671351,female,k avg
measure_stat,-0.01758745904706916,0.009040158343679819,-0.03530790105600314,0.00013298296186482067,-1.94548130446907,10425.690251432756,0.05174391935947497,female,k avg
word_count,0.3641526567722384,0.009079482802639514,0.3463551317247263,0.3819501818197505,40.107202655461265,10427.8785423916,0.0,female,k avg
(Intercept),-0.00014905068171264707,0.015082741355192827,-0.03590732089992175,0.03560921953649645,-0.009882201000637759,6.91106074220338,0.992394477585316,female,clustering
measure_stat,-0.0076880164251582625,0.009708283098442232,-0.026718116882226046,0.011342084031909522,-0.7919027851991526,10397.697438869714,0.4284354282553362,female,clustering
word_count,0.07003629749760021,0.009739656118580964,0.050944659297205055,0.08912793569799536,7.1908388391647104,10211.197352347304,6.890802059129644e-13,female,clustering
(Intercept),0.006310405592356956,0.01804581932055146,-0.03625554745942791,0.04887635864414182,0.349687951556201,7.086722776901888,0.7367346225299933,female,density
measure_stat,-0.00761935597881648,0.008175494399498833,-0.023644890698072917,0.008406178740439956,-0.9319749493417248,10427.54781199217,0.35137104886322335,female,density
word_count,-0.5552310790732063,0.00820680533188207,-0.5713179956509191,-0.5391441624954936,-67.65495910037322,10391.74192933934,0.0,female,density
(Intercept),0.0004459596863135655,0.01220587468732195,-0.028439950591200386,0.029331869963827514,0.03653647917398143,6.971894852017313,0.9718786995754274,female,entropy
measure_stat,-0.0022910449180637655,0.009498225556926419,-0.02090940313340252,0.01632731329727499,-0.2412076765636567,10345.64740800847,0.8093989415642379,female,entropy
word_count,-0.23985967587370174,0.009523835109598172,-0.2585283202587862,-0.2211910314886173,-25.185198306506784,9951.583077478657,9.766364780891377e-136,female,entropy
(Intercept),0.002124728541817068,0.009152479296164848,-0.015815883188501273,0.020065340272135405,0.2321478665029475,10429.999999902882,0.8164277227023394,female,dissortativity
measure_stat,0.005838805377972504,0.009154892196783499,-0.012106536099526048,0.023784146855471054,0.6377798069565389,10429.99999995467,0.5236310269137869,female,dissortativity
word_count,-0.35108309496986567,0.009169812912080043,-0.3690576839060267,-0.3331085060337046,-38.286832930621635,10429.999999988975,3.209021674992547e-300,female,dissortativity
(Intercept),0.00168030185473509,0.016374085690560387,-0.036550451481086293,0.039911055190556474,0.10261958355963528,7.469371246737622,0.9209660368683306,female,k std
measure_stat,0.00872062677783461,0.008724801742783868,-0.00838165682063227,0.025822910376301488,0.9995214831153371,10420.787135268994,0.3175653457576247,female,k std
word_count,0.4554684365812074,0.00875623880516741,0.43830451581995955,0.47263235734245523,52.01644755421895,10345.572623394579,0.0,female,k std
(Intercept),0.004585908829162515,0.03615546630556378,-0.08075028327988548,0.08992210093821051,0.1268386027829162,7.064466179587513,0.9026029293045015,education,giant component
measure_stat,0.02593522443700722,0.008872011204369125,0.00854440244825086,0.04332604642576358,2.9232632646175105,10526.925689117412,0.0034712117046862096,education,giant component
word_count,-0.40512369985359054,0.008871650116968112,-0.422513814028911,-0.3877335856782701,-45.66497714768328,10526.998091229952,0.0,education,giant component
(Intercept),0.008646530091493,0.054199977624620546,-0.11940930494974725,0.13670236513273323,0.15953014134760973,7.028900272991109,0.8777386678852401,education,k avg
measure_stat,0.05743901522067833,0.00903155175505818,0.03973546323674526,0.0751425672046114,6.359816870728691,10525.3498261379,2.1037610305566986e-10,education,k avg
word_count,0.3647293734887518,0.009031038033435015,0.34702682843729227,0.3824319185402113,40.38620722650467,10525.04375802455,0.0,education,k avg
(Intercept),0.0008225426049025397,0.01493817847031858,-0.03453890335241894,0.03618398856222402,0.05506311271731631,6.962825268516786,0.9576348295239716,education,clustering
measure_stat,-0.009187366533971605,0.009747782544320837,-0.028294919783148312,0.009920186715205101,-0.9425083594344504,10276.258924009113,0.34595458972799864,education,clustering
word_count,0.0703193225083431,0.009748410423221323,0.051210540955375076,0.0894281040613111,7.213414234267165,10287.507406271718,5.841007217184842e-13,education,clustering
(Intercept),0.004334251224565154,0.017571795156498718,-0.03712429488449079,0.0457927973336211,0.24665955788598998,7.077576970012119,0.812173308833539,education,density
measure_stat,-0.001390111163438215,0.00814764265846099,-0.01736104289725658,0.014580820570380152,-0.17061513639097095,10474.093859087769,0.8645296907858657,education,density
word_count,-0.5546205511020383,0.00814780897704221,-0.5705918075519055,-0.5386492946521712,-68.06990108196851,10481.476240681777,0.0,education,density
(Intercept),-0.0015654955484090507,0.012835595698161327,-0.031959481693413824,0.028828490596595722,-0.12196516509423125,6.951897178114859,0.9063772909359202,education,entropy
measure_stat,-0.02830749822548906,0.009476127938121788,-0.04688258868311515,-0.00973240776786297,-2.987243145125765,10122.79589867694,0.0028218034926718377,education,entropy
word_count,-0.24018831745824745,0.009476804385124452,-0.2587647335836516,-0.2216119013328433,-25.344863911643696,10124.17468716718,1.8619829944421526e-137,education,entropy
(Intercept),-7.054131691015348e-16,0.00912370022862779,-0.017884180122305724,0.017884180122304316,-7.731656580387554e-14,10527.000000018752,0.9999999999999383,education,dissortativity
measure_stat,-0.00704947846227975,0.009124219025174666,-0.024934675524056555,0.010835718599497054,-0.7726117098712239,10526.999999963662,0.43976955799701656,education,dissortativity
word_count,-0.3517323470471086,0.00912421902517467,-0.36961754410888537,-0.3338471499853318,-38.54930992741871,10527.000000062719,3.0885076795979945e-304,education,dissortativity
(Intercept),0.0014831316349795047,0.016428961620128614,-0.03691101886665327,0.03987728213661228,0.09027543366845445,7.433082959331572,0.9304531651698962,education,k std
measure_stat,0.029043478680406052,0.008710994440009095,0.011968261919555443,0.04611869544125666,3.33411746275615,10430.662461905536,0.0008586870505377044,education,k std
word_count,0.4545365468614059,0.008711332852709681,0.43746066865020033,0.4716124250726114,52.17761214577184,10440.690271014697,0.0,education,k std
